cep,
01001000,
01001001,
01001010,
01001900,
01001901,
01001902,
01002000,
01002001,
01002010,
01002020,
01002900,
01002901,
01002902,
01002903,
01003000,
01003001,
01003010,
01003900,
01003901,
01003902,
01003903,
01003904,
01003905,
01004000,
01004010,
01004900,
01004901,
01004902,
01004903,
01004904,
01005000,
01005010,
01005020,
01005030,
01005900,
01006000,
01006001,
01006010,
01006020,
01006030,
01006040,
01006900,
01006901,
01006903,
01006904,
01007000,
01007010,
01007020,
01007030,
01007040,
01007050,
01007060,
01007070,
01007080,
01007900,
01007901,
01007904,
01007905,
01007906,
01008000,
01008010,
01008900,
01008901,
01008902,
01008903,
01008904,
01008905,
01008906,
01008908,
01009000,
01009901,
01009902,
01009903,
01009904,
01009905,
01009906,
01009907,
01009908,
01009999,
01010000,
01010001,
01010010,
01010900,
01010901,
01010902,
01010903,
01010904,
01010905,
01011000,
01011100,
01011900,
01011901,
01011902,
01011903,
01011904,
01012000,
01012001,
01012010,
01012020,
01012030,
01012900,
01012902,
01012904,
01012905,
01012907,
01012908,
01012909,
01013000,
01013001,
01013010,
01013020,
01013901,
01013902,
01013903,
01013904,
01013905,
01013906,
01013907,
01013909,
01013910,
01013911,
01013913,
01013914,
01013915,
01014000,
01014001,
01014010,
01014020,
01014030,
01014900,
01014901,
01014902,
01014903,
01014904,
01014905,
01014906,
01014907,
01014908,
01014909,
01014910,
01014911,
01014912,
01014913,
01014914,
01014915,
01014916,
01014917,
01014919,
01014920,
01014925,
01014930,
01014940,
01014970,
01015000,
01015010,
01015020,
01015030,
01015040,
01015050,
01015060,
01015070,
01015080,
01015090,
01015100,
01015900,
01015901,
01016000,
01016010,
01016020,
01016030,
01016040,
01016050,
01016900,
01017000,
01017010,
01017020,
01017030,
01017040,
01017902,
01017903,
01017904,
01017905,
01017906,
01017907,
01017908,
01017909,
01017910,
01017911,
01017970,
01018000,
01018001,
01018010,
01018020,
01019000,
01019010,
01019020,
01019030,
01019040,
01019900,
01020000,
01020001,
01020010,
01020020,
01020030,
01020040,
01020050,
01020900,
01020901,
01020902,
01020903,
01020904,
01021000,
01021100,
01021200,
01021900,
01021901,
01021902,
01021903,
01022000,
01022010,
01022020,
01022030,
01022040,
01022050,
01022060,
01022070,
01022970,
01023000,
01023001,
01023010,
01023020,
01023030,
01023040,
01023050,
01023060,
01023070,
01023900,
01023902,
01023903,
01023904,
01023905,
01023906,
01024000,
01024100,
01024900,
01025000,
01025001,
01025010,
01025020,
01025900,
01026000,
01026001,
01026010,
01026900,
01026901,
01026902,
01026903,
01026904,
01027000,
01027001,
01027010,
01027020,
01027030,
01027040,
01027050,
01027900,
01028000,
01028010,
01028020,
01028030,
01028900,
01029000,
01029001,
01029010,
01029900,
01029901,
01029902,
01029903,
01029970,
01030000,
01030001,
01030010,
01030020,
01030900,
01030901,
01030902,
01031000,
01031001,
01031005,
01031010,
01031020,
01031030,
01031900,
01031901,
01031902,
01031903,
01031904,
01031905,
01031906,
01031970,
01032000,
01032001,
01032010,
01032020,
01032030,
01032901,
01032902,
01032903,
01032905,
01032970,
01033000,
01033001,
01033010,
01033020,
01033030,
01033040,
01033050,
01033900,
01033901,
01033902,
01033903,
01033904,
01033905,
01033906,
01033907,
01034000,
01034001,
01034010,
01034020,
01034030,
01034040,
01034900,
01034901,
01034902,
01034903,
01034904,
01035000,
01035100,
01035901,
01035902,
01035903,
01035904,
01035905,
01036000,
01036100,
01036900,
01036901,
01036902,
01036903,
01036970,
01036971,
01037000,
01037001,
01037010,
01037900,
01037901,
01037902,
01037903,
01037904,
01037905,
01037906,
01037907,
01037908,
01037909,
01037910,
01037911,
01037912,
01038000,
01038100,
01038900,
01038901,
01038902,
01038903,
01038904,
01039000,
01039900,
01039901,
01039902,
01039903,
01039904,
01039905,
01039906,
01039907,
01039908,
01040000,
01040010,
01040901,
01040902,
01040903,
01040904,
01040905,
01040906,
01041000,
01041001,
01041900,
01041901,
01041903,
01041904,
01041905,
01041906,
01041907,
01041911,
01042000,
01042001,
01042010,
01042020,
01042030,
01042901,
01042902,
01042903,
01042904,
01042905,
01042906,
01042907,
01042908,
01042909,
01042910,
01042911,
01042912,
01042913,
01042914,
01042915,
01042916,
01042917,
01043000,
01043010,
01043900,
01043901,
01043902,
01043903,
01043904,
01043905,
01043906,
01043907,
01043908,
01043909,
01044000,
01044901,
01044902,
01044903,
01044904,
01044905,
01044906,
01044907,
01044908,
01044909,
01045000,
01045001,
01045010,
01045020,
01045900,
01045901,
01045902,
01045903,
01045904,
01045905,
01045906,
01045907,
01045908,
01045909,
01045910,
01045911,
01045912,
01046000,
01046001,
01046010,
01046020,
01046030,
01046040,
01046900,
01046902,
01046904,
01046905,
01046906,
01046908,
01046910,
01046911,
01046912,
01046913,
01046914,
01046915,
01046916,
01046917,
01046918,
01046919,
01046920,
01046921,
01046922,
01046923,
01046924,
01046925,
01046926,
01046927,
01047000,
01047010,
01047020,
01047904,
01047905,
01047906,
01047907,
01047908,
01047909,
01047910,
01047911,
01047912,
01048000,
01048100,
01048900,
01048901,
01048902,
01048903,
01048904,
01048905,
01049000,
01049010,
01049020,
01049030,
01049901,
01049902,
01049903,
01049904,
01049905,
01049906,
01049907,
01049908,
01049909,
01049910,
01049911,
01050000,
01050020,
01050030,
01050050,
01050060,
01050070,
01050901,
01050903,
01050904,
01050905,
01050906,
01050907,
01101000,
01101010,
01101020,
01101040,
01101050,
01101060,
01101080,
01101090,
01102000,
01102010,
01102020,
01102030,
01102040,
01102050,
01103000,
01103010,
01103020,
01103030,
01103040,
01103050,
01103060,
01103070,
01103080,
01103090,
01103100,
01103110,
01103200,
01103201,
01104000,
01104001,
01104010,
01105000,
01105010,
01105020,
01105030,
01105040,
01105050,
01106000,
01106010,
01106020,
01106030,
01106040,
01106050,
01106060,
01106070,
01106080,
01106090,
01106100,
01106110,
01106120,
01106130,
01107000,
01107010,
01107020,
01107030,
01107040,
01107050,
01107060,
01107900,
01107901,
01107902,
01108000,
01109000,
01109010,
01109020,
01109030,
01109040,
01109050,
01109060,
01109070,
01109080,
01109090,
01109100,
01109900,
01109970,
01120000,
01120001,
01120010,
01120020,
01120030,
01120901,
01121000,
01121010,
01121020,
01121030,
01121040,
01121900,
01122000,
01122010,
01122011,
01122020,
01122021,
01122030,
01122040,
01123000,
01123001,
01123010,
01123020,
01123030,
01123040,
01123050,
01123900,
01124000,
01124010,
01124020,
01124030,
01124040,
01124050,
01124060,
01125000,
01125001,
01125010,
01125020,
01125030,
01125970,
01126000,
01126001,
01126010,
01126020,
01126030,
01127000,
01127010,
01127020,
01127030,
01127040,
01127050,
01128000,
01128010,
01128020,
01128030,
01128040,
01128050,
01128060,
01128070,
01128080,
01128090,
01128100,
01128110,
01128120,
01128130,
01128140,
01129000,
01129010,
01129020,
01129030,
01130000,
01130010,
01130020,
01130900,
01130970,
01131000,
01131010,
01131020,
01131030,
01131040,
01131050,
01131900,
01132000,
01132010,
01132020,
01132030,
01132040,
01132900,
01133000,
01133010,
01133020,
01133030,
01133040,
01133050,
01133060,
01133070,
01133080,
01133090,
01133100,
01134000,
01134010,
01134020,
01134030,
01134040,
01134050,
01134060,
01134070,
01134080,
01134901,
01134902,
01135000,
01135010,
01135020,
01135030,
01135040,
01135050,
01135060,
01136000,
01136001,
01136005,
01136010,
01136020,
01136030,
01136040,
01137000,
01137010,
01137020,
01137030,
01137040,
01137045,
01137050,
01137060,
01138000,
01138010,
01138020,
01138030,
01138040,
01138050,
01138901,
01139000,
01139001,
01139002,
01139003,
01139010,
01139020,
01139030,
01139040,
01139050,
01139060,
01139070,
01139080,
01139090,
01139901,
01140000,
01140001,
01140010,
01140020,
01140030,
01140040,
01140050,
01140060,
01140063,
01140065,
01140070,
01140080,
01140090,
01140100,
01140110,
01140120,
01140130,
01140140,
01140150,
01140151,
01140900,
01140901,
01140970,
01141000,
01141010,
01141020,
01141030,
01141040,
01141050,
01141060,
01141070,
01141080,
01141090,
01141900,
01141901,
01141902,
01142000,
01142100,
01142200,
01142300,
01144000,
01144010,
01144020,
01144025,
01144030,
01144040,
01144050,
01144060,
01144070,
01144080,
01144900,
01144901,
01150000,
01150001,
01150010,
01150011,
01150020,
01150901,
01151000,
01151010,
01151020,
01151030,
01151040,
01152000,
01152010,
01153000,
01153010,
01153020,
01153030,
01153040,
01154000,
01154001,
01154010,
01154020,
01154025,
01154030,
01154040,
01154050,
01154060,
01154070,
01154080,
01154900,
01155000,
01155010,
01155020,
01155030,
01155040,
01155050,
01155060,
01155070,
01155080,
01155900,
01155901,
01156000,
01156001,
01156010,
01156020,
01156030,
01156040,
01156049,
01156050,
01156060,
01156080,
01156100,
01156110,
01156900,
01156970,
01189900,
01201000,
01201001,
01201010,
01201020,
01201030,
01201040,
01201050,
01201060,
01201900,
01201901,
01201902,
01201903,
01201904,
01202000,
01202001,
01202002,
01202003,
01202010,
01202020,
01202030,
01202900,
01202901,
01202902,
01202903,
01202970,
01203000,
01203001,
01203002,
01203003,
01203010,
01203902,
01203903,
01203904,
01203905,
01204000,
01204001,
01204002,
01204003,
01204010,
01204900,
01204970,
01204971,
01205000,
01205001,
01205010,
01205900,
01205901,
01205902,
01205903,
01205904,
01205905,
01206000,
01206001,
01206010,
01206901,
01206902,
01206904,
01206905,
01206972,
01207000,
01207001,
01207010,
01207900,
01208000,
01208001,
01208011,
01208012,
01209000,
01209001,
01209002,
01209003,
01209010,
01209900,
01210000,
01210001,
01210002,
01210003,
01210010,
01210901,
01210902,
01211000,
01211002,
01211100,
01211101,
01211900,
01212001,
01212002,
01212010,
01212020,
01212030,
01212900,
01212901,
01212903,
01212904,
01212905,
01213000,
01213001,
01213002,
01213003,
01213010,
01213900,
01214000,
01214100,
01214999,
01215000,
01215001,
01215010,
01215020,
01215900,
01215970,
01216000,
01216001,
01216011,
01216012,
01216970,
01216971,
01216999,
01217000,
01217010,
01217011,
01217020,
01218000,
01218011,
01218012,
01218020,
01218900,
01218902,
01219000,
01219001,
01219010,
01219011,
01219900,
01219901,
01219902,
01219903,
01219904,
01219905,
01219906,
01220000,
01220010,
01220020,
01220030,
01220040,
01220900,
01220901,
01220902,
01220903,
01220904,
01220905,
01220907,
01220908,
01220970,
01221000,
01221001,
01221010,
01221020,
01221030,
01221040,
01221900,
01221901,
01221902,
01221903,
01221906,
01222000,
01222001,
01222010,
01222020,
01222901,
01222902,
01222903,
01223000,
01223001,
01223010,
01223011,
01223020,
01223900,
01223901,
01223902,
01223903,
01223904,
01223905,
01223906,
01223907,
01223970,
01224000,
01224001,
01224002,
01224003,
01224010,
01224011,
01224020,
01224021,
01224030,
01224040,
01224050,
01224900,
01225000,
01225001,
01225010,
01225020,
01225030,
01225040,
01225050,
01225060,
01225070,
01225900,
01226000,
01226001,
01226002,
01226003,
01226010,
01226011,
01226020,
01226030,
01226031,
01226900,
01226901,
01227000,
01227100,
01227200,
01227900,
01227901,
01227902,
01227903,
01227904,
01227905,
01227906,
01227907,
01227909,
01227970,
01227999,
01228000,
01228100,
01228200,
01228900,
01228901,
01228902,
01228903,
01228904,
01228905,
01228906,
01229000,
01229001,
01229010,
01229901,
01229902,
01229903,
01229904,
01229905,
01230000,
01230001,
01230010,
01230020,
01230030,
01230040,
01230900,
01230901,
01230902,
01230903,
01230904,
01230905,
01230906,
01230907,
01230908,
01230909,
01231000,
01231001,
01231010,
01231011,
01231020,
01231901,
01231902,
01231904,
01231905,
01232000,
01232001,
01232010,
01232011,
01232020,
01232030,
01232904,
01232906,
01232907,
01232908,
01232909,
01232910,
01233000,
01233001,
01233010,
01233020,
01233030,
01233050,
01233060,
01233070,
01233902,
01233903,
01233904,
01233906,
01233907,
01234000,
01234001,
01234010,
01234020,
01234030,
01234040,
01234050,
01234060,
01234070,
01234900,
01234903,
01234905,
01234911,
01234912,
01234914,
01234916,
01234970,
01235000,
01235010,
01235020,
01235030,
01235900,
01236000,
01236010,
01236020,
01236030,
01236040,
01236050,
01236060,
01236070,
01236901,
01237000,
01237010,
01237020,
01237030,
01237040,
01237050,
01238000,
01238001,
01238010,
01238900,
01238901,
01238902,
01238904,
01238905,
01238909,
01238910,
01239000,
01239001,
01239010,
01239011,
01239020,
01239030,
01239040,
01239050,
01239060,
01239070,
01239900,
01239901,
01239903,
01239904,
01239905,
01239906,
01239907,
01239908,
01239970,
01240000,
01240001,
01240010,
01240020,
01240030,
01240900,
01240901,
01240902,
01240904,
01240905,
01240906,
01241000,
01241001,
01241010,
01241020,
01241030,
01241040,
01241902,
01241903,
01242000,
01242001,
01242010,
01242020,
01242030,
01242040,
01242901,
01242902,
01243000,
01243001,
01243002,
01243010,
01243020,
01243030,
01243040,
01243050,
01243060,
01243070,
01243080,
01243090,
01243901,
01243902,
01243903,
01243904,
01243905,
01243906,
01243907,
01243908,
01243909,
01243910,
01243911,
01243912,
01244000,
01244001,
01244010,
01244011,
01244020,
01244030,
01244040,
01244050,
01244060,
01244070,
01244900,
01244901,
01244902,
01244904,
01244905,
01244906,
01244908,
01244909,
01244910,
01245000,
01245010,
01245020,
01246000,
01246010,
01246020,
01246030,
01246040,
01246050,
01246060,
01246070,
01246080,
01246090,
01246100,
01246110,
01246120,
01246130,
01246140,
01246150,
01246160,
01246900,
01246902,
01246903,
01246904,
01247000,
01247010,
01247020,
01247030,
01247040,
01247050,
01247060,
01247070,
01247080,
01247090,
01248000,
01248010,
01248020,
01248030,
01248040,
01248050,
01248060,
01248070,
01248080,
01248090,
01248100,
01249000,
01249010,
01249020,
01249030,
01249040,
01249050,
01249060,
01250000,
01250001,
01250010,
01250020,
01250030,
01250040,
01250050,
01250060,
01251000,
01251001,
01251010,
01251020,
01251030,
01251040,
01251050,
01251060,
01251070,
01251080,
01251090,
01251100,
01251110,
01251120,
01251130,
01251140,
01251150,
01251160,
01251170,
01251180,
01251900,
01252000,
01252010,
01252020,
01252030,
01252040,
01252050,
01252060,
01252070,
01252080,
01252090,
01252100,
01252110,
01252120,
01252900,
01252901,
01253000,
01253001,
01253010,
01253020,
01253030,
01253040,
01253050,
01253060,
01253070,
01253080,
01253090,
01253100,
01254000,
01254010,
01254020,
01254030,
01254040,
01254050,
01254060,
01254070,
01254080,
01254090,
01254901,
01254902,
01255000,
01255010,
01255020,
01255030,
01255040,
01255050,
01255060,
01255070,
01255080,
01255090,
01256000,
01256010,
01256020,
01256030,
01256040,
01256050,
01256060,
01256070,
01256080,
01256090,
01256100,
01256110,
01256120,
01256130,
01256140,
01256150,
01257000,
01257010,
01257020,
01257030,
01257040,
01257050,
01257060,
01257070,
01257080,
01257090,
01257100,
01257110,
01257120,
01257130,
01257140,
01257150,
01257160,
01257166,
01257900,
01258000,
01258001,
01258010,
01258011,
01258020,
01258030,
01258040,
01258900,
01258901,
01258902,
01258903,
01259000,
01259010,
01259020,
01259030,
01259040,
01259050,
01259060,
01259070,
01259080,
01259090,
01259100,
01259110,
01259900,
01262010,
01262020,
01301000,
01301100,
01301901,
01301902,
01301903,
01301904,
01301905,
01301906,
01301907,
01301908,
01301909,
01301910,
01301911,
01301999,
01302000,
01302001,
01302010,
01302020,
01302030,
01302040,
01302050,
01302901,
01302902,
01302903,
01302904,
01302906,
01302907,
01302908,
01303000,
01303001,
01303010,
01303020,
01303030,
01303040,
01303050,
01303060,
01303900,
01303901,
01303902,
01303903,
01303904,
01303905,
01303906,
01303907,
01303909,
01304000,
01304001,
01304010,
01304900,
01304901,
01304902,
01304971,
01305000,
01305100,
01305900,
01305901,
01305902,
01305903,
01305904,
01305970,
01306000,
01306001,
01306010,
01306020,
01306030,
01306040,
01306050,
01306060,
01306900,
01306901,
01306902,
01307000,
01307001,
01307002,
01307003,
01307011,
01307012,
01307013,
01307014,
01307020,
01307030,
01307900,
01307901,
01307903,
01307904,
01307905,
01307906,
01307907,
01307908,
01307909,
01307910,
01307970,
01308000,
01308010,
01308020,
01308030,
01308040,
01308050,
01308060,
01308070,
01308071,
01308080,
01308901,
01309000,
01309001,
01309010,
01309011,
01309020,
01309030,
01309040,
01309900,
01309901,
01309902,
01309903,
01309904,
01309905,
01309906,
01309970,
01309999,
01310000,
01310100,
01310200,
01310300,
01310900,
01310902,
01310903,
01310904,
01310905,
01310907,
01310908,
01310909,
01310910,
01310911,
01310913,
01310914,
01310915,
01310916,
01310917,
01310918,
01310919,
01310920,
01310921,
01310922,
01310923,
01310924,
01310925,
01310926,
01310927,
01310928,
01310929,
01310930,
01310931,
01310932,
01310933,
01310934,
01310935,
01310936,
01310937,
01310940,
01310941,
01310942,
01310945,
01311000,
01311100,
01311200,
01311300,
01311400,
01311901,
01311902,
01311903,
01311904,
01311905,
01311906,
01311907,
01311908,
01311909,
01311910,
01311911,
01311912,
01311913,
01311914,
01311915,
01311916,
01311917,
01311918,
01311919,
01311920,
01311921,
01311922,
01311923,
01311924,
01311925,
01311926,
01311927,
01311928,
01311929,
01311930,
01311931,
01311932,
01311933,
01311934,
01311935,
01311936,
01311937,
01311940,
01311941,
01312000,
01312001,
01312010,
01312020,
01312900,
01313000,
01313001,
01313010,
01313020,
01313901,
01313902,
01313903,
01313904,
01313905,
01314000,
01314001,
01314010,
01314020,
01314030,
01314040,
01314050,
01314060,
01314070,
01314900,
01314971,
01315000,
01315001,
01315010,
01315020,
01315030,
01315040,
01315900,
01315901,
01315902,
01315903,
01315904,
01316000,
01316010,
01316015,
01316020,
01316030,
01316040,
01316050,
01316060,
01316070,
01316080,
01316090,
01316100,
01316900,
01316901,
01316902,
01316903,
01317000,
01317001,
01317002,
01317010,
01317901,
01317902,
01317903,
01317904,
01317905,
01317906,
01317907,
01317908,
01317909,
01317910,
01317911,
01318000,
01318001,
01318002,
01318010,
01318020,
01318900,
01318901,
01318902,
01318903,
01318904,
01318905,
01318906,
01318907,
01318908,
01318909,
01318910,
01318912,
01318970,
01318999,
01319000,
01319001,
01319010,
01319020,
01319030,
01319040,
01319050,
01319060,
01319070,
01319080,
01319900,
01319901,
01319902,
01319903,
01319904,
01319905,
01319906,
01319907,
01319908,
01319909,
01319910,
01320000,
01320010,
01320020,
01320030,
01320050,
01320060,
01320900,
01321000,
01321001,
01321010,
01321020,
01321900,
01321901,
01321902,
01321903,
01321904,
01321905,
01321906,
01321907,
01322000,
01322010,
01322020,
01322030,
01322040,
01322050,
01322900,
01322901,
01323000,
01323001,
01323010,
01323020,
01323030,
01323040,
01323050,
01323060,
01323065,
01323070,
01323080,
01323090,
01323100,
01323110,
01323130,
01323140,
01323900,
01323901,
01323902,
01323903,
01324000,
01324001,
01324010,
01324020,
01324030,
01324040,
01324900,
01324901,
01325000,
01325001,
01325010,
01325020,
01325030,
01325040,
01325050,
01325060,
01325070,
01325900,
01326000,
01326010,
01326020,
01326030,
01326040,
01326050,
01327000,
01327001,
01327002,
01327010,
01327020,
01327900,
01327901,
01327902,
01327903,
01327904,
01327905,
01327970,
01328000,
01328010,
01328020,
01329000,
01329010,
01329020,
01329030,
01329040,
01329900,
01329901,
01329902,
01329903,
01329904,
01330000,
01330010,
01330015,
01330020,
01330030,
01330040,
01330050,
01330060,
01330900,
01330901,
01330902,
01331000,
01331001,
01331010,
01331020,
01331030,
01331040,
01331902,
01331903,
01331904,
01332000,
01332010,
01332020,
01332030,
01332040,
01332050,
01332060,
01332070,
01332080,
01332090,
01332100,
01332900,
01332901,
01332902,
01332903,
01332904,
01332905,
01332906,
01332907,
01332908,
01332909,
01333000,
01333001,
01333010,
01333011,
01333020,
01333021,
01333030,
01333040,
01333050,
01333060,
01333070,
01333900,
01333901,
01333902,
01333903,
01333904,
01333905,
01333906,
01333907,
01333908,
01333909,
01333910,
01333911,
01333912,
01333913,
01343901,
01345900,
01401000,
01401001,
01401002,
01401010,
01401900,
01401901,
01401902,
01401903,
01401904,
01401970,
01401971,
01401999,
01402000,
01402001,
01402002,
01402010,
01402020,
01402030,
01402040,
01402050,
01402900,
01402901,
01402971,
01403000,
01403001,
01403002,
01403003,
01403010,
01403020,
01403030,
01403900,
01403901,
01403902,
01404000,
01404001,
01404002,
01404003,
01404010,
01404100,
01404200,
01404900,
01404901,
01404902,
01405000,
01405001,
01405002,
01405003,
01405005,
01405010,
01405020,
01405030,
01405040,
01405100,
01405200,
01405900,
01405901,
01405902,
01405903,
01405904,
01405905,
01405906,
01405907,
01405971,
01405999,
01406000,
01406100,
01406200,
01406900,
01406901,
01406902,
01407000,
01407100,
01407200,
01407900,
01407901,
01407902,
01407903,
01407904,
01407905,
01407906,
01407907,
01407908,
01407909,
01407910,
01407911,
01407912,
01407913,
01408000,
01408001,
01408010,
01408020,
01408030,
01408040,
01408900,
01409000,
01409001,
01409002,
01409003,
01409010,
01409020,
01409030,
01409900,
01409901,
01409902,
01409903,
01409904,
01410000,
01410001,
01410002,
01410003,
01410010,
01410020,
01410030,
01410901,
01410902,
01411000,
01411001,
01411007,
01411010,
01411011,
01411900,
01411901,
01411902,
01412000,
01412100,
01412900,
01412901,
01413000,
01413100,
01414000,
01414001,
01414002,
01414003,
01414010,
01414020,
01414900,
01414901,
01414902,
01414903,
01414904,
01414905,
01414906,
01414907,
01414970,
01414999,
01415000,
01415001,
01415002,
01415003,
01415004,
01415005,
01415006,
01415007,
01415008,
01415009,
01415010,
01415900,
01415901,
01415902,
01415903,
01415904,
01415905,
01415906,
01415907,
01415908,
01415909,
01415910,
01416000,
01416001,
01416002,
01416003,
01416020,
01416900,
01416901,
01416902,
01416903,
01416904,
01416905,
01416906,
01416907,
01417010,
01417020,
01417030,
01417040,
01417050,
01417060,
01418000,
01418002,
01418100,
01418102,
01418200,
01418900,
01418901,
01418902,
01418903,
01418904,
01418970,
01418999,
01419000,
01419001,
01419002,
01419010,
01419100,
01419101,
01419901,
01419902,
01419904,
01419905,
01419906,
01419907,
01419908,
01419909,
01419910,
01419911,
01419912,
01419913,
01420000,
01420001,
01420002,
01420003,
01420004,
01420005,
01420006,
01420007,
01420020,
01420040,
01420900,
01420901,
01420902,
01420903,
01420904,
01420906,
01421000,
01421001,
01421002,
01421003,
01421004,
01421005,
01421010,
01421020,
01421030,
01421900,
01421901,
01421902,
01422000,
01422001,
01422002,
01422003,
01422004,
01422005,
01422010,
01422900,
01423000,
01423001,
01423002,
01423003,
01423010,
01423020,
01423030,
01423040,
01423050,
01423070,
01423080,
01423090,
01423900,
01423901,
01423902,
01423903,
01423904,
01423905,
01423906,
01423907,
01423908,
01423909,
01423910,
01423911,
01423912,
01423913,
01423914,
01423915,
01423916,
01423917,
01423918,
01424000,
01424001,
01424002,
01424003,
01424004,
01424005,
01424006,
01424007,
01424010,
01424020,
01424030,
01424900,
01424901,
01424902,
01424903,
01424904,
01424905,
01424906,
01424907,
01424908,
01425000,
01425001,
01425010,
01425011,
01425020,
01425030,
01425040,
01425050,
01425060,
01425080,
01426000,
01426001,
01426002,
01426003,
01426010,
01426020,
01426030,
01426040,
01426900,
01426901,
01426902,
01427000,
01427001,
01427002,
01427010,
01427020,
01427030,
01427970,
01428000,
01428001,
01428010,
01428020,
01428030,
01428040,
01428900,
01429000,
01429001,
01429010,
01429011,
01429020,
01429030,
01429040,
01429050,
01430000,
01430001,
01430010,
01430020,
01430900,
01431000,
01431001,
01431010,
01431020,
01431900,
01432000,
01432010,
01432020,
01432030,
01432040,
01432050,
01433000,
01433010,
01433020,
01433030,
01433040,
01433050,
01433060,
01433070,
01433900,
01433901,
01433902,
01433904,
01434000,
01434100,
01434900,
01435000,
01435001,
01435010,
01435020,
01435030,
01435040,
01435050,
01435060,
01435070,
01435900,
01435901,
01435902,
01436000,
01436010,
01436020,
01436030,
01436040,
01436050,
01436060,
01436070,
01436080,
01436090,
01436100,
01436110,
01436900,
01437000,
01437010,
01437020,
01437030,
01437040,
01437050,
01437060,
01438000,
01438001,
01438010,
01438012,
01438020,
01438030,
01438040,
01438050,
01438060,
01438070,
01438080,
01438090,
01438100,
01438110,
01439000,
01439010,
01439020,
01439030,
01439040,
01439050,
01439060,
01439070,
01440000,
01440010,
01440020,
01440030,
01440040,
01440050,
01440060,
01440080,
01440090,
01440100,
01440110,
01440900,
01440902,
01440903,
01441000,
01441001,
01441002,
01441010,
01441020,
01441900,
01441903,
01442000,
01442001,
01442002,
01442010,
01442020,
01442901,
01442902,
01443000,
01443001,
01443010,
01443020,
01443030,
01443040,
01443050,
01443060,
01443070,
01443080,
01443090,
01443900,
01444000,
01444010,
01444020,
01444030,
01444040,
01444050,
01444060,
01444070,
01444080,
01444090,
01445000,
01445010,
01445020,
01445030,
01445040,
01445050,
01445060,
01445070,
01446000,
01446010,
01446020,
01446030,
01446040,
01446050,
01446060,
01446070,
01446900,
01446901,
01447000,
01447010,
01447020,
01447030,
01447040,
01447050,
01447060,
01447070,
01448000,
01448010,
01448020,
01448030,
01448040,
01448050,
01448060,
01448070,
01448080,
01448090,
01448100,
01448110,
01448120,
01448900,
01448901,
01449000,
01449001,
01449010,
01449020,
01449030,
01449040,
01449050,
01449060,
01449070,
01450000,
01450010,
01450020,
01450030,
01450040,
01450050,
01450060,
01450070,
01450080,
01450090,
01450100,
01450110,
01450120,
01450130,
01451000,
01451001,
01451010,
01451011,
01451020,
01451030,
01451040,
01451901,
01451902,
01451903,
01451904,
01451905,
01451906,
01451907,
01451908,
01451909,
01451910,
01451911,
01451912,
01451913,
01451914,
01451915,
01451916,
01451917,
01451918,
01451919,
01452000,
01452001,
01452002,
01452010,
01452020,
01452900,
01452901,
01452902,
01452903,
01452904,
01452905,
01452906,
01452907,
01452908,
01452909,
01452910,
01452911,
01452912,
01452913,
01452914,
01452915,
01452916,
01452917,
01452918,
01452919,
01452920,
01452921,
01452922,
01452923,
01452924,
01452970,
01453000,
01453010,
01453011,
01453020,
01453030,
01453040,
01453050,
01453060,
01453070,
01453080,
01453090,
01453100,
01453120,
01453130,
01453900,
01453901,
01453902,
01453903,
01453904,
01453905,
01453906,
01454000,
01454010,
01454011,
01454020,
01454030,
01454040,
01454045,
01454050,
01454060,
01454070,
01454080,
01454900,
01454901,
01454902,
01454903,
01454904,
01454905,
01454906,
01455000,
01455010,
01455020,
01455030,
01455040,
01455050,
01455060,
01455070,
01455080,
01455090,
01455100,
01455110,
01455120,
01455900,
01455901,
01455902,
01455903,
01455904,
01455905,
01455906,
01456000,
01456010,
01456020,
01456030,
01456040,
01456050,
01456060,
01456070,
01456090,
01457000,
01457010,
01457020,
01457030,
01457040,
01457050,
01457060,
01458970,
01472900,
01489900,
01501000,
01501001,
01501010,
01501020,
01501030,
01501040,
01501050,
01501060,
01501900,
01501902,
01501903,
01501904,
01501905,
01501906,
01501907,
01501908,
01501970,
01502000,
01502001,
01502010,
01502020,
01502900,
01502970,
01502999,
01503000,
01503001,
01503010,
01503020,
01503901,
01503902,
01503903,
01503904,
01503905,
01504000,
01504001,
01504010,
01504020,
01504030,
01504970,
01505000,
01505001,
01505010,
01505020,
01505030,
01505040,
01505050,
01505060,
01505070,
01506000,
01506010,
01506020,
01506030,
01506900,
01507000,
01507001,
01507010,
01507020,
01507030,
01507900,
01508000,
01508001,
01508010,
01508020,
01508030,
01508040,
01508900,
01508901,
01508902,
01508903,
01509000,
01509001,
01509010,
01509020,
01509030,
01509040,
01509900,
01509970,
01510000,
01510001,
01510010,
01510020,
01511000,
01511001,
01511010,
01511020,
01512000,
01512010,
01512020,
01512030,
01512040,
01512050,
01512060,
01512070,
01513000,
01513010,
01513020,
01513030,
01513040,
01514000,
01514001,
01514010,
01514020,
01514030,
01514040,
01514050,
01514060,
01514070,
01515000,
01516000,
01516100,
01516900,
01516901,
01517000,
01517010,
01517020,
01517030,
01517040,
01517050,
01517060,
01517070,
01517080,
01517090,
01517100,
01518000,
01518010,
01518020,
01518030,
01518040,
01518050,
01518060,
01518070,
01518080,
01518090,
01519000,
01519001,
01519010,
01519020,
01519999,
01520000,
01520010,
01520020,
01520030,
01520040,
01521000,
01521010,
01521020,
01521030,
01521040,
01522000,
01522010,
01522020,
01522030,
01522040,
01522050,
01522060,
01523000,
01523010,
01523020,
01523030,
01523040,
01524000,
01524001,
01524010,
01524020,
01524030,
01524040,
01524050,
01524060,
01524070,
01524090,
01525000,
01525001,
01525010,
01525020,
01525900,
01525901,
01525902,
01526000,
01526010,
01526020,
01526030,
01526040,
01526050,
01526060,
01527000,
01527010,
01527020,
01527030,
01527040,
01527050,
01527060,
01527070,
01527080,
01528000,
01528010,
01528020,
01528030,
01528040,
01528050,
01528060,
01528070,
01528080,
01529000,
01529001,
01529010,
01529020,
01529030,
01529040,
01529900,
01530000,
01530010,
01530020,
01530030,
01530040,
01530050,
01530060,
01530070,
01530080,
01530090,
01530100,
01531000,
01531001,
01531010,
01531020,
01531030,
01531040,
01531050,
01531060,
01531970,
01532000,
01532001,
01532010,
01532020,
01532030,
01532040,
01532050,
01532060,
01532070,
01532080,
01532090,
01532901,
01533000,
01533005,
01533010,
01533020,
01533030,
01533040,
01533050,
01533060,
01533070,
01533080,
01533090,
01533100,
01534000,
01534001,
01534010,
01534020,
01534030,
01534040,
01534050,
01534060,
01535000,
01535001,
01535010,
01535020,
01535030,
01535040,
01535050,
01536000,
01536001,
01536010,
01536020,
01536030,
01536040,
01537000,
01537001,
01537010,
01537970,
01538000,
01538001,
01538010,
01538900,
01538902,
01539000,
01539010,
01539020,
01540000,
01540010,
01540020,
01540030,
01540040,
01540050,
01540060,
01540070,
01540080,
01541000,
01541010,
01541015,
01541020,
01541030,
01541040,
01541050,
01541060,
01541070,
01541080,
01542000,
01542010,
01542015,
01542020,
01542030,
01542040,
01542050,
01542060,
01543000,
01543001,
01543010,
01543020,
01543030,
01543040,
01543050,
01543060,
01543070,
01543080,
01543971,
01544000,
01544001,
01544010,
01544020,
01544030,
01544040,
01544050,
01544060,
01544070,
01544080,
01544090,
01544971,
01545000,
01545001,
01545010,
01545020,
01545030,
01545040,
01545050,
01545060,
01545070,
01545080,
01545090,
01545100,
01545110,
01545900,
01545970,
01546000,
01546010,
01546020,
01546030,
01546040,
01546050,
01546060,
01546070,
01546080,
01546090,
01546100,
01546110,
01546120,
01547000,
01547010,
01547020,
01547030,
01547040,
01547050,
01547060,
01547070,
01547080,
01547090,
01547100,
01547110,
01547120,
01547130,
01547140,
01547150,
01547160,
01547180,
01548000,
01548010,
01548020,
01548030,
01548040,
01548050,
01548060,
01548070,
01548080,
01549000,
01549010,
01549020,
01549030,
01549040,
01549050,
01549060,
01549070,
01549080,
01549090,
01550000,
01550010,
01550020,
01550030,
01550040,
01550050,
01550060,
01550070,
01550080,
01550090,
01550100,
01550110,
01550120,
01551000,
01551010,
01551015,
01551020,
01551030,
01551040,
01551050,
01551060,
01551070,
01551080,
01552000,
01552001,
01552010,
01552020,
01552030,
01552035,
01552040,
01552060,
01552070,
01552080,
01553000,
01553010,
01553020,
01553030,
01553040,
01553050,
01553070,
01553080,
01553100,
01553120,
01553130,
02001000,
02001900,
02009010,
02009020,
02009030,
02009040,
02010000,
02010100,
02010200,
02010300,
02010400,
02010500,
02010600,
02010700,
02010800,
02010820,
02010901,
02010902,
02011000,
02011005,
02011010,
02011100,
02011200,
02011300,
02011400,
02011500,
02011600,
02011900,
02011970,
02012000,
02012010,
02012015,
02012020,
02012021,
02012030,
02012040,
02012050,
02012060,
02012070,
02012080,
02012090,
02012100,
02012110,
02012120,
02012130,
02013000,
02013001,
02013002,
02013003,
02013004,
02013005,
02013006,
02013008,
02013009,
02013010,
02013011,
02013012,
02013020,
02013030,
02013040,
02013045,
02013050,
02013055,
02013060,
02013070,
02013080,
02013090,
02013901,
02013970,
02013971,
02013999,
02016000,
02016001,
02016004,
02016010,
02016020,
02016030,
02016040,
02016050,
02016060,
02017000,
02017001,
02017002,
02017003,
02017004,
02017007,
02017010,
02017011,
02017012,
02017013,
02017020,
02017030,
02017040,
02017050,
02017901,
02017902,
02017970,
02018000,
02018001,
02018010,
02018011,
02018012,
02018017,
02018020,
02018030,
02018040,
02018050,
02018060,
02018070,
02018080,
02019000,
02019005,
02019010,
02019015,
02019020,
02019030,
02019040,
02019050,
02019055,
02019060,
02019070,
02019080,
02019090,
02019095,
02019900,
02020000,
02020001,
02020003,
02020005,
02020008,
02020010,
02020020,
02020030,
02020040,
02020050,
02020060,
02020070,
02020080,
02020085,
02020090,
02020100,
02020110,
02020900,
02021000,
02021010,
02021020,
02021030,
02021040,
02021050,
02021060,
02021070,
02021900,
02021901,
02022000,
02022010,
02022011,
02022016,
02022020,
02022021,
02022026,
02022030,
02022035,
02022040,
02022050,
02022051,
02022054,
02022057,
02022060,
02022070,
02022080,
02022090,
02022100,
02022110,
02022120,
02022130,
02022900,
02022901,
02028000,
02028010,
02028020,
02028030,
02028040,
02029000,
02029001,
02029006,
02029010,
02029900,
02029901,
02030000,
02030010,
02030100,
02030200,
02031000,
02031010,
02031020,
02031030,
02031040,
02031045,
02031050,
02031100,
02031200,
02031205,
02032000,
02032001,
02032004,
02032006,
02032008,
02032010,
02032020,
02032030,
02032040,
02032050,
02032060,
02032070,
02033000,
02033005,
02033010,
02033020,
02033025,
02033030,
02033040,
02033050,
02033060,
02033064,
02034000,
02034001,
02034002,
02034006,
02034010,
02034020,
02034030,
02034900,
02034901,
02035000,
02035005,
02035010,
02035011,
02035012,
02035020,
02035021,
02035022,
02035026,
02035030,
02035040,
02035050,
02036000,
02036001,
02036010,
02036011,
02036013,
02036015,
02036017,
02036020,
02036021,
02036022,
02036030,
02036040,
02036050,
02036055,
02036060,
02037000,
02037001,
02037005,
02037010,
02037020,
02037021,
02037030,
02037040,
02037050,
02038000,
02038005,
02038010,
02038030,
02038033,
02038035,
02038040,
02038050,
02038060,
02038070,
02038080,
02039000,
02039010,
02039020,
02039030,
02039040,
02039050,
02039060,
02039070,
02039080,
02039090,
02040000,
02040010,
02040020,
02040030,
02040035,
02040040,
02040050,
02040060,
02040070,
02040080,
02040090,
02040100,
02040110,
02040120,
02041000,
02041010,
02041020,
02041030,
02041040,
02041045,
02041050,
02041060,
02041070,
02042000,
02042001,
02042010,
02042011,
02042020,
02042030,
02042040,
02043000,
02043005,
02043010,
02043020,
02043030,
02043040,
02043050,
02043060,
02043061,
02043065,
02043070,
02043075,
02043080,
02043081,
02044000,
02044010,
02044020,
02044030,
02044040,
02044050,
02044060,
02044070,
02044080,
02044090,
02044100,
02044110,
02044120,
02044130,
02044140,
02044150,
02045000,
02045010,
02045020,
02045030,
02045040,
02045050,
02045060,
02045070,
02045080,
02045970,
02046001,
02046010,
02046020,
02046030,
02046040,
02046050,
02046060,
02046070,
02046080,
02046090,
02046094,
02046097,
02046099,
02047000,
02047020,
02047030,
02047040,
02047050,
02047060,
02047070,
02047080,
02047090,
02047901,
02047999,
02049000,
02049010,
02049015,
02049900,
02050000,
02050010,
02050020,
02050030,
02050040,
02050050,
02051000,
02051001,
02051006,
02051010,
02051020,
02051030,
02051040,
02051050,
02052000,
02052001,
02052010,
02052020,
02052030,
02052040,
02052043,
02052045,
02052050,
02052060,
02052070,
02052080,
02052090,
02052100,
02052107,
02053000,
02053001,
02053002,
02053003,
02053006,
02053008,
02054005,
02054010,
02054020,
02054030,
02054040,
02054050,
02054060,
02054070,
02054090,
02054100,
02054110,
02055000,
02055001,
02055006,
02055020,
02055030,
02055040,
02055050,
02055060,
02055070,
02055080,
02055090,
02055100,
02056000,
02056010,
02056020,
02056030,
02056040,
02056050,
02056060,
02056070,
02056080,
02060000,
02060001,
02060010,
02060020,
02060030,
02060040,
02060050,
02060060,
02060065,
02060070,
02060080,
02060085,
02060100,
02060120,
02063000,
02063901,
02063902,
02063903,
02064000,
02064010,
02064020,
02064030,
02064040,
02064050,
02064060,
02064070,
02064075,
02064080,
02064100,
02064110,
02064120,
02065000,
02065010,
02065020,
02065040,
02065045,
02065050,
02065055,
02065060,
02066000,
02066005,
02066010,
02066011,
02066012,
02066014,
02066015,
02066017,
02066018,
02066020,
02066030,
02066031,
02066036,
02066040,
02066050,
02066055,
02066060,
02066070,
02066090,
02066100,
02066115,
02066120,
02066130,
02067000,
02067001,
02067002,
02067006,
02067008,
02067010,
02067020,
02067025,
02067030,
02067040,
02067050,
02067060,
02067065,
02067070,
02068000,
02068005,
02068007,
02068010,
02068020,
02068030,
02068040,
02068050,
02068060,
02068070,
02068970,
02068972,
02068973,
02069000,
02069010,
02069020,
02069025,
02069030,
02069040,
02069050,
02069060,
02069063,
02069065,
02069067,
02071000,
02071001,
02071002,
02071003,
02071010,
02071011,
02071012,
02071013,
02071020,
02071030,
02071040,
02071050,
02071060,
02071070,
02071080,
02071971,
02072000,
02072001,
02072002,
02072004,
02072005,
02072006,
02072008,
02072009,
02073000,
02073010,
02073020,
02073030,
02073040,
02073050,
02073060,
02073065,
02073070,
02073080,
02073090,
02073100,
02073105,
02073110,
02073120,
02073130,
02074000,
02074001,
02074002,
02074020,
02074030,
02074040,
02074050,
02075000,
02075001,
02075006,
02075010,
02075015,
02075030,
02075033,
02075035,
02075040,
02075041,
02075046,
02075049,
02075050,
02075060,
02075070,
02075080,
02075090,
02076000,
02076010,
02076015,
02076020,
02076030,
02076040,
02076045,
02076047,
02076050,
02076060,
02076070,
02076080,
02077000,
02077005,
02077007,
02077010,
02077020,
02077025,
02077027,
02077030,
02077040,
02077045,
02077050,
02077060,
02077070,
02077080,
02078000,
02078001,
02078005,
02078007,
02078010,
02078015,
02078020,
02078030,
02078050,
02078060,
02079000,
02079001,
02079002,
02079003,
02079004,
02079006,
02079008,
02079010,
02079020,
02079030,
02079040,
02079050,
02079060,
02079070,
02079080,
02079900,
02080000,
02080005,
02080007,
02080010,
02080013,
02080020,
02080025,
02080027,
02080030,
02080040,
02080050,
02080060,
02080065,
02080070,
02080080,
02080087,
02081000,
02081010,
02081020,
02081030,
02081040,
02081050,
02081060,
02081070,
02081080,
02081090,
02081100,
02082000,
02082010,
02082020,
02082030,
02082035,
02082040,
02082050,
02082060,
02082070,
02082080,
02082090,
02082100,
02082110,
02083000,
02083010,
02083020,
02083030,
02083040,
02083050,
02083055,
02083060,
02083070,
02083080,
02083100,
02083110,
02083120,
02084000,
02084010,
02084020,
02084030,
02084040,
02084055,
02084060,
02084070,
02084075,
02084080,
02084090,
02084100,
02084110,
02084115,
02084120,
02084125,
02084130,
02084140,
02084150,
02084160,
02084170,
02084180,
02084190,
02085000,
02085100,
02085900,
02087900,
02088900,
02089900,
02110000,
02110005,
02110010,
02110011,
02110015,
02110017,
02110020,
02110030,
02110900,
02110901,
02111000,
02111001,
02111020,
02111030,
02111031,
02111035,
02111037,
02112000,
02112001,
02112002,
02112004,
02112006,
02112008,
02112009,
02112010,
02113000,
02113004,
02113010,
02113011,
02113012,
02113013,
02113014,
02113015,
02113017,
02113970,
02113999,
02114000,
02114001,
02114002,
02114005,
02114007,
02114008,
02114010,
02114011,
02114012,
02115000,
02115001,
02115002,
02115010,
02116000,
02116001,
02116002,
02116010,
02116040,
02117000,
02117001,
02117006,
02117010,
02117011,
02117020,
02117021,
02117022,
02117024,
02117027,
02118000,
02118001,
02118005,
02118010,
02118020,
02118040,
02118970,
02119000,
02119001,
02119020,
02119021,
02119030,
02119040,
02120000,
02120001,
02120002,
02120005,
02120010,
02120020,
02120023,
02120025,
02120026,
02120028,
02120030,
02120040,
02121000,
02121010,
02121020,
02121021,
02121025,
02121030,
02121900,
02122010,
02122011,
02122016,
02122020,
02122025,
02122030,
02122035,
02122040,
02122050,
02122060,
02122070,
02122080,
02122085,
02122090,
02122100,
02123000,
02123005,
02123010,
02123013,
02123015,
02123016,
02123018,
02123020,
02123030,
02123035,
02123040,
02123044,
02123046,
02123050,
02123055,
02123060,
02123063,
02123065,
02124000,
02124001,
02124002,
02124010,
02124020,
02124030,
02124040,
02124041,
02124044,
02124046,
02124048,
02124050,
02124060,
02124070,
02124080,
02124085,
02124090,
02124970,
02125000,
02125001,
02125010,
02125020,
02125030,
02125035,
02125040,
02126000,
02126010,
02126020,
02126030,
02126040,
02126050,
02126060,
02126070,
02126080,
02126090,
02126100,
02127000,
02127001,
02127002,
02127004,
02127006,
02127010,
02127020,
02127023,
02127025,
02127027,
02127030,
02127040,
02127050,
02127971,
02128000,
02128010,
02128015,
02128020,
02128025,
02128027,
02128030,
02128040,
02128050,
02129000,
02129001,
02129004,
02129005,
02129006,
02129008,
02129010,
02129020,
02129030,
02129040,
02129045,
02129050,
02129060,
02129065,
02129070,
02129080,
02129100,
02129103,
02129105,
02129107,
02130000,
02130010,
02130020,
02130030,
02130040,
02130045,
02130050,
02130060,
02130070,
02130080,
02130085,
02130090,
02130100,
02131000,
02131010,
02131020,
02131030,
02131040,
02131045,
02131050,
02131055,
02131060,
02131070,
02131080,
02131090,
02131092,
02131094,
02131096,
02131098,
02131100,
02131110,
02132000,
02132010,
02132020,
02132030,
02132035,
02132040,
02132050,
02132060,
02132090,
02132100,
02132110,
02132115,
02132120,
02132125,
02132127,
02132130,
02132135,
02132140,
02132150,
02132155,
02133000,
02133010,
02133020,
02133030,
02133040,
02133045,
02133050,
02133060,
02133070,
02134000,
02134001,
02134002,
02134005,
02134010,
02134020,
02134030,
02134040,
02134050,
02134060,
02134070,
02135000,
02135001,
02135002,
02135005,
02135007,
02135010,
02135015,
02135020,
02136000,
02136005,
02136010,
02136020,
02136030,
02136040,
02136050,
02136060,
02137000,
02137005,
02137010,
02137013,
02137016,
02137020,
02137030,
02137040,
02137050,
02138000,
02138010,
02138013,
02138016,
02138020,
02138030,
02138040,
02138050,
02138060,
02138070,
02138090,
02138970,
02139000,
02139010,
02139020,
02139030,
02140000,
02140010,
02140020,
02140030,
02140040,
02141000,
02141005,
02141010,
02141020,
02141025,
02141030,
02141040,
02141050,
02141060,
02141070,
02141080,
02141090,
02142000,
02142010,
02142020,
02142030,
02142040,
02142050,
02142060,
02143000,
02143010,
02143020,
02143030,
02143035,
02143040,
02143050,
02143060,
02143063,
02143065,
02143067,
02144000,
02144010,
02144020,
02144030,
02144040,
02144050,
02144060,
02144070,
02144080,
02144090,
02145000,
02145010,
02145020,
02145030,
02145040,
02145050,
02145060,
02145900,
02145901,
02146000,
02146010,
02146020,
02146030,
02147000,
02147005,
02147010,
02147015,
02147020,
02147030,
02147040,
02147045,
02147050,
02147060,
02147070,
02147080,
02147090,
02147900,
02147901,
02147902,
02150000,
02150005,
02150010,
02150020,
02150030,
02150040,
02150050,
02150060,
02150070,
02150080,
02151000,
02151010,
02151020,
02151030,
02151040,
02151050,
02151060,
02151070,
02151080,
02151090,
02151100,
02151900,
02152000,
02152005,
02152010,
02152020,
02152040,
02152050,
02161000,
02161010,
02161020,
02161025,
02161030,
02161035,
02161040,
02161050,
02161060,
02161070,
02161080,
02161090,
02161100,
02161110,
02161120,
02161130,
02161140,
02161150,
02161160,
02161165,
02161170,
02161180,
02162010,
02162020,
02162030,
02162040,
02162050,
02162060,
02162070,
02162080,
02162090,
02162100,
02162110,
02162120,
02162130,
02162140,
02165000,
02165970,
02165971,
02166000,
02166010,
02166020,
02166030,
02166040,
02166050,
02166060,
02166070,
02166080,
02166090,
02166100,
02167000,
02167010,
02167020,
02167030,
02167040,
02167050,
02167060,
02167070,
02167080,
02167090,
02167100,
02167110,
02167900,
02168000,
02168010,
02168020,
02168040,
02168050,
02168060,
02168070,
02168080,
02168090,
02168100,
02168105,
02168110,
02168120,
02168130,
02168140,
02168150,
02169000,
02169010,
02169015,
02169020,
02169025,
02169030,
02169040,
02169050,
02169060,
02169070,
02169080,
02169090,
02169100,
02169110,
02169120,
02169130,
02169140,
02169150,
02169160,
02169170,
02169180,
02169190,
02169200,
02169210,
02169220,
02169230,
02169240,
02169250,
02169260,
02169270,
02169280,
02169290,
02169300,
02169310,
02170000,
02170900,
02170901,
02170970,
02170971,
02170972,
02170975,
02170980,
02170984,
02174000,
02174010,
02174020,
02174030,
02174040,
02174050,
02174060,
02174070,
02174080,
02174090,
02174100,
02174110,
02175000,
02175010,
02175020,
02175030,
02175040,
02175050,
02175060,
02175070,
02176000,
02176010,
02176020,
02176030,
02176040,
02176050,
02176060,
02176070,
02177000,
02177010,
02177020,
02177025,
02177030,
02177040,
02177050,
02177060,
02177065,
02177070,
02177080,
02177090,
02177900,
02178000,
02178010,
02178020,
02178030,
02178040,
02178050,
02178060,
02178070,
02178080,
02178090,
02178100,
02178110,
02178120,
02178130,
02179000,
02179010,
02179020,
02179030,
02179040,
02179050,
02179970,
02180000,
02180010,
02180020,
02180030,
02180040,
02180050,
02180060,
02180070,
02180080,
02180090,
02180100,
02180110,
02180120,
02181000,
02181010,
02181015,
02181020,
02181030,
02181040,
02181050,
02181060,
02181070,
02181080,
02181090,
02181095,
02181100,
02181110,
02181120,
02181130,
02181140,
02181150,
02181160,
02181170,
02181190,
02181200,
02185000,
02185010,
02185020,
02185030,
02185031,
02186000,
02186010,
02186020,
02186030,
02186040,
02186045,
02186050,
02186060,
02186070,
02186080,
02186090,
02186970,
02187000,
02187010,
02187020,
02187030,
02187040,
02187050,
02187060,
02187070,
02187080,
02187090,
02187100,
02187110,
02188000,
02188010,
02188020,
02188030,
02188040,
02188050,
02188060,
02188070,
02188080,
02188090,
02188100,
02189000,
02189010,
02189020,
02189030,
02189040,
02189050,
02189060,
02189070,
02190000,
02190010,
02190020,
02190030,
02190040,
02190050,
02190060,
02190070,
02190075,
02190080,
02190090,
02190100,
02190120,
02190900,
02190901,
02201000,
02201001,
02201002,
02201003,
02201010,
02201020,
02201030,
02201050,
02201060,
02201070,
02201080,
02201085,
02201090,
02201100,
02201110,
02201120,
02201130,
02201970,
02201971,
02202000,
02202010,
02202020,
02202025,
02202030,
02202035,
02202040,
02202050,
02202060,
02202070,
02202080,
02202090,
02202100,
02202110,
02202120,
02202130,
02202140,
02203000,
02203001,
02203010,
02203020,
02203030,
02203040,
02203045,
02203050,
02203055,
02203060,
02203070,
02203080,
02203090,
02203100,
02203110,
02203120,
02203130,
02203140,
02204000,
02204001,
02204010,
02204020,
02204030,
02204040,
02204050,
02204060,
02204080,
02205000,
02205001,
02205002,
02205005,
02205007,
02205010,
02205020,
02205030,
02205040,
02205050,
02205060,
02205070,
02205080,
02205090,
02205100,
02205110,
02205120,
02205130,
02205140,
02205150,
02205160,
02205170,
02205180,
02205190,
02205200,
02205210,
02205215,
02205220,
02205230,
02205240,
02206000,
02206001,
02206002,
02206010,
02206020,
02206030,
02206050,
02206060,
02206070,
02206080,
02206090,
02206100,
02206110,
02206120,
02206130,
02206135,
02207000,
02207010,
02207020,
02207030,
02207040,
02207050,
02207060,
02207070,
02207080,
02207090,
02207100,
02207110,
02207120,
02208000,
02208010,
02208020,
02208030,
02208040,
02208060,
02208070,
02208080,
02208090,
02208100,
02208110,
02208120,
02208130,
02208140,
02208150,
02208160,
02208170,
02208180,
02208190,
02208200,
02208210,
02208220,
02208230,
02209000,
02209001,
02209010,
02209020,
02209030,
02209040,
02209050,
02209060,
02209070,
02209080,
02209090,
02209100,
02209120,
02209130,
02209150,
02209160,
02209165,
02209220,
02209230,
02210000,
02210010,
02210020,
02210030,
02210040,
02210050,
02210060,
02210070,
02210080,
02210090,
02210100,
02210105,
02210110,
02210120,
02210140,
02210150,
02210160,
02210170,
02210180,
02210190,
02210200,
02210210,
02211000,
02211010,
02211020,
02211030,
02211040,
02211050,
02211060,
02212000,
02212010,
02212020,
02212025,
02212030,
02212040,
02212050,
02212060,
02212070,
02212080,
02213000,
02213010,
02213020,
02213030,
02213040,
02213050,
02213060,
02213070,
02213080,
02214000,
02214010,
02214020,
02214030,
02214040,
02214050,
02214060,
02214070,
02214080,
02214090,
02214100,
02214110,
02214120,
02214130,
02214140,
02214150,
02214160,
02215000,
02215010,
02215020,
02215030,
02215040,
02215050,
02215060,
02215080,
02215120,
02215130,
02215140,
02215190,
02216000,
02216010,
02216020,
02216030,
02216050,
02216060,
02216070,
02216080,
02216090,
02216100,
02216105,
02216110,
02217000,
02217010,
02217020,
02217030,
02217040,
02217050,
02217060,
02217070,
02217080,
02217090,
02217100,
02217110,
02217120,
02217130,
02217140,
02217150,
02217160,
02217170,
02218000,
02218001,
02218010,
02218020,
02218030,
02218040,
02218050,
02218060,
02218070,
02218080,
02218090,
02218100,
02218110,
02218120,
02218130,
02218140,
02218150,
02218160,
02218170,
02218180,
02218190,
02218200,
02219000,
02219001,
02219010,
02219020,
02219030,
02219040,
02219050,
02219060,
02219070,
02219080,
02219090,
02219100,
02219110,
02219120,
02219130,
02219140,
02219150,
02219160,
02219170,
02219180,
02220000,
02220001,
02220002,
02220010,
02220020,
02220030,
02220040,
02220050,
02220060,
02220070,
02220080,
02220090,
02220100,
02220110,
02220120,
02220130,
02220140,
02220150,
02220160,
02220170,
02220180,
02220190,
02220200,
02220210,
02220220,
02220230,
02220240,
02220250,
02220260,
02220280,
02220290,
02220300,
02220310,
02220320,
02220330,
02220340,
02220350,
02220360,
02220365,
02220370,
02220380,
02220390,
02220400,
02220410,
02220420,
02220430,
02220440,
02220450,
02221000,
02221001,
02221010,
02221020,
02221030,
02221040,
02221050,
02221060,
02221070,
02221075,
02221080,
02221090,
02221100,
02221110,
02221120,
02221130,
02221140,
02221150,
02221170,
02221175,
02221180,
02221190,
02221200,
02221210,
02222000,
02222001,
02222010,
02222011,
02222030,
02222040,
02222050,
02222060,
02222070,
02222080,
02222090,
02222100,
02222110,
02222120,
02222130,
02222140,
02222150,
02222160,
02222170,
02222180,
02222190,
02222200,
02222210,
02222220,
02222230,
02222240,
02223000,
02223001,
02223010,
02223030,
02223040,
02223050,
02223055,
02223060,
02223070,
02223080,
02223090,
02223100,
02223110,
02223120,
02223130,
02223140,
02223150,
02223160,
02223170,
02223180,
02223190,
02223200,
02223210,
02223220,
02223230,
02223240,
02223250,
02223260,
02223270,
02223280,
02223290,
02223300,
02223310,
02223320,
02223330,
02223340,
02223350,
02223360,
02223361,
02223380,
02224000,
02224001,
02224010,
02224015,
02224018,
02224020,
02224030,
02224040,
02224050,
02224060,
02224065,
02224070,
02224080,
02224090,
02224100,
02224110,
02224120,
02224130,
02224140,
02224150,
02224160,
02224170,
02224180,
02224190,
02224200,
02224210,
02224220,
02224230,
02225000,
02225001,
02225005,
02225010,
02225011,
02225020,
02225030,
02225040,
02225050,
02225060,
02225070,
02225080,
02225090,
02225100,
02225110,
02225120,
02225130,
02225140,
02225150,
02225160,
02225170,
02225180,
02225185,
02225200,
02225205,
02225210,
02225220,
02225225,
02225230,
02225240,
02225250,
02225260,
02225270,
02225280,
02225290,
02225300,
02225310,
02225320,
02225330,
02226000,
02226001,
02226010,
02226011,
02226013,
02226015,
02226017,
02226020,
02226030,
02226040,
02226050,
02226060,
02226070,
02226080,
02226090,
02226100,
02226110,
02226115,
02226120,
02226130,
02226135,
02226140,
02226150,
02226160,
02226180,
02226185,
02226190,
02226197,
02226200,
02226203,
02226205,
02226220,
02226230,
02226240,
02226250,
02226260,
02226270,
02226280,
02226290,
02226300,
02226310,
02226320,
02226330,
02226335,
02226340,
02226345,
02226380,
02227000,
02227001,
02227005,
02227010,
02227020,
02227030,
02227040,
02227050,
02227060,
02227070,
02227080,
02227090,
02227095,
02227100,
02227110,
02227120,
02227130,
02227135,
02227140,
02227150,
02227160,
02227170,
02227180,
02227183,
02227185,
02227190,
02227195,
02227200,
02227210,
02227220,
02227230,
02227240,
02227250,
02227255,
02227260,
02227280,
02227285,
02227290,
02227310,
02227320,
02227325,
02227330,
02227335,
02227340,
02227345,
02227350,
02227360,
02227370,
02227380,
02227390,
02227400,
02227410,
02227420,
02227430,
02227435,
02227440,
02227450,
02227460,
02227470,
02227480,
02227485,
02228000,
02228001,
02228005,
02228010,
02228015,
02228020,
02228030,
02228040,
02228050,
02228060,
02228065,
02228070,
02228080,
02228090,
02228100,
02228110,
02228120,
02228240,
02228250,
02228260,
02229000,
02229001,
02229010,
02229020,
02229030,
02229050,
02229070,
02229080,
02229090,
02229100,
02229110,
02229120,
02229140,
02229150,
02229160,
02229165,
02229170,
02229970,
02230000,
02230010,
02230015,
02230020,
02230030,
02230040,
02230050,
02230060,
02230070,
02230080,
02230090,
02230100,
02230120,
02230130,
02230140,
02230150,
02230170,
02231000,
02231010,
02231020,
02231030,
02231040,
02232000,
02232010,
02232020,
02232030,
02232040,
02232050,
02232060,
02233000,
02233010,
02233020,
02233030,
02233040,
02233050,
02233060,
02233070,
02233080,
02233090,
02233100,
02233110,
02233120,
02233130,
02234000,
02234001,
02234005,
02234010,
02234020,
02234030,
02234040,
02234050,
02234060,
02234070,
02234080,
02234090,
02234100,
02234110,
02234120,
02234130,
02234160,
02234170,
02234180,
02234190,
02235000,
02235001,
02235010,
02235020,
02235030,
02235040,
02235050,
02235060,
02235070,
02235080,
02235090,
02235100,
02235110,
02235120,
02235140,
02235150,
02235155,
02235160,
02235170,
02235180,
02235971,
02236000,
02236010,
02236020,
02236030,
02236040,
02236050,
02236060,
02236070,
02236080,
02236090,
02236100,
02236110,
02236120,
02236130,
02236140,
02236150,
02236160,
02236170,
02236180,
02236190,
02236200,
02236210,
02236230,
02236250,
02236260,
02236270,
02236290,
02236300,
02236310,
02237000,
02237010,
02237020,
02237030,
02237035,
02237040,
02237041,
02237042,
02237043,
02237044,
02237045,
02237046,
02237047,
02237048,
02237049,
02237050,
02237051,
02237052,
02237053,
02237054,
02237055,
02237056,
02237057,
02237058,
02237059,
02237060,
02237061,
02237062,
02237065,
02237070,
02237071,
02237072,
02237073,
02237074,
02237075,
02237076,
02237077,
02237078,
02237080,
02237085,
02237090,
02237100,
02237105,
02237110,
02237120,
02238000,
02238010,
02238020,
02238025,
02238030,
02238040,
02238050,
02238060,
02238070,
02238080,
02238090,
02238100,
02238110,
02238120,
02238130,
02238140,
02238150,
02238160,
02238170,
02238180,
02238190,
02238210,
02238220,
02238240,
02238250,
02238255,
02238260,
02238270,
02238280,
02238290,
02238300,
02238310,
02238320,
02238330,
02238340,
02238350,
02238360,
02238370,
02238380,
02238390,
02239000,
02239010,
02240000,
02241000,
02241003,
02241010,
02241030,
02241050,
02241060,
02241070,
02241080,
02241090,
02241100,
02241110,
02241120,
02241130,
02241140,
02241150,
02241170,
02241180,
02242000,
02242001,
02242002,
02242005,
02242010,
02242020,
02242030,
02242040,
02242050,
02242060,
02242070,
02242080,
02242090,
02242095,
02242110,
02242120,
02243000,
02243010,
02243020,
02243030,
02243035,
02243040,
02243050,
02243060,
02243070,
02243080,
02243090,
02243100,
02243110,
02243120,
02243130,
02243140,
02243150,
02244000,
02244010,
02244020,
02244030,
02244040,
02244050,
02244060,
02244070,
02244080,
02244090,
02244100,
02244110,
02245000,
02245010,
02245020,
02245030,
02245050,
02245060,
02245070,
02245080,
02245090,
02245100,
02245110,
02245120,
02245130,
02245140,
02245160,
02245170,
02245180,
02246000,
02246010,
02246020,
02246030,
02246040,
02246050,
02246060,
02246070,
02246080,
02246090,
02246100,
02247000,
02247010,
02247020,
02247030,
02247040,
02247050,
02247060,
02247070,
02247080,
02247090,
02247100,
02247110,
02247120,
02247130,
02247140,
02247160,
02247170,
02247180,
02247200,
02247230,
02247250,
02247260,
02248000,
02248001,
02248010,
02248020,
02248030,
02248040,
02248045,
02248050,
02248060,
02248070,
02248080,
02248090,
02248100,
02248110,
02248120,
02248130,
02248140,
02248150,
02248160,
02249000,
02249010,
02249015,
02249020,
02249030,
02249040,
02249050,
02249060,
02250000,
02250010,
02250020,
02250030,
02250040,
02250050,
02250060,
02250070,
02250080,
02250085,
02250090,
02250100,
02250110,
02250120,
02250130,
02250140,
02250150,
02250160,
02250170,
02250180,
02250190,
02250200,
02250210,
02250230,
02250231,
02251000,
02251001,
02251002,
02251003,
02251005,
02251010,
02251015,
02251020,
02251025,
02251030,
02251040,
02251050,
02251060,
02251070,
02251080,
02251090,
02251100,
02251110,
02251115,
02251120,
02251130,
02251970,
02252000,
02252010,
02252020,
02252030,
02252040,
02252050,
02252060,
02252070,
02252080,
02252090,
02252100,
02252110,
02252120,
02252130,
02252140,
02252150,
02252160,
02252170,
02252180,
02252190,
02252200,
02252210,
02253000,
02253002,
02253005,
02253010,
02253020,
02253030,
02253040,
02253050,
02253055,
02253060,
02253070,
02253080,
02253090,
02253100,
02253130,
02254000,
02254005,
02254010,
02254020,
02254030,
02254040,
02254050,
02254060,
02254070,
02254080,
02254090,
02254100,
02254110,
02254120,
02254130,
02254140,
02254150,
02254160,
02254170,
02254190,
02254210,
02255000,
02255010,
02255020,
02255030,
02255040,
02255050,
02255060,
02255070,
02255080,
02255090,
02255100,
02255110,
02255120,
02255125,
02255130,
02255140,
02255150,
02255160,
02255170,
02256000,
02256010,
02256020,
02256030,
02256040,
02256050,
02256055,
02256060,
02256070,
02256080,
02256090,
02256100,
02256110,
02256120,
02256130,
02256140,
02256160,
02256170,
02256180,
02256190,
02256210,
02257000,
02257010,
02257020,
02257030,
02257040,
02257050,
02257060,
02257070,
02257080,
02257090,
02257100,
02257110,
02258000,
02258005,
02258010,
02258015,
02258020,
02258030,
02258040,
02258050,
02258060,
02258070,
02258080,
02258090,
02258100,
02258110,
02258120,
02258130,
02258140,
02258150,
02258160,
02258165,
02258170,
02258180,
02258190,
02258200,
02258210,
02258220,
02258230,
02258240,
02258250,
02258260,
02258270,
02258280,
02258290,
02258300,
02258310,
02258320,
02258330,
02258340,
02259000,
02259001,
02259010,
02259020,
02259030,
02259040,
02259050,
02259060,
02259070,
02259080,
02259090,
02259100,
02259110,
02259120,
02259130,
02259140,
02259150,
02259160,
02259170,
02260000,
02260001,
02260010,
02260020,
02260025,
02260030,
02260035,
02260040,
02260050,
02260060,
02260065,
02260070,
02260080,
02260090,
02260100,
02260110,
02260120,
02260130,
02260140,
02261000,
02261010,
02261020,
02261030,
02261040,
02261050,
02261060,
02261070,
02261080,
02261090,
02261100,
02261110,
02261120,
02261900,
02262000,
02262010,
02262020,
02262030,
02262040,
02262050,
02262060,
02262070,
02262080,
02262090,
02262100,
02262110,
02262120,
02262130,
02262140,
02262150,
02262160,
02262170,
02263000,
02263010,
02263020,
02263030,
02263040,
02263050,
02263070,
02263080,
02263090,
02263100,
02264000,
02264010,
02264020,
02264030,
02264040,
02264050,
02264060,
02264070,
02264080,
02264090,
02264100,
02264110,
02264130,
02265000,
02265001,
02265002,
02265010,
02265020,
02265030,
02265970,
02266000,
02266001,
02266010,
02266020,
02266030,
02266040,
02266050,
02266060,
02266070,
02266080,
02266090,
02266100,
02266110,
02267000,
02267010,
02267020,
02267030,
02267040,
02267050,
02267060,
02268000,
02268005,
02268010,
02268020,
02268030,
02268040,
02268050,
02268060,
02268070,
02269000,
02269010,
02269020,
02269030,
02269040,
02269050,
02269060,
02269070,
02269080,
02269090,
02269100,
02269110,
02270000,
02270010,
02270020,
02270030,
02270040,
02270050,
02270060,
02270070,
02270080,
02270090,
02270100,
02270105,
02270110,
02270120,
02270130,
02270140,
02270150,
02271000,
02271010,
02271020,
02271030,
02271040,
02271045,
02271050,
02271060,
02271070,
02271080,
02271090,
02271100,
02271110,
02271120,
02271130,
02271140,
02271150,
02271160,
02271170,
02271180,
02272000,
02272010,
02272020,
02272030,
02272040,
02272050,
02272060,
02272070,
02272080,
02272090,
02272100,
02272110,
02273000,
02273001,
02273010,
02273011,
02273020,
02273030,
02273040,
02273050,
02273060,
02273065,
02273070,
02273080,
02273090,
02273100,
02273110,
02273120,
02273130,
02273140,
02273145,
02273150,
02273170,
02273180,
02273190,
02274000,
02274001,
02274010,
02274030,
02274040,
02274045,
02274060,
02274070,
02274080,
02274090,
02274100,
02274110,
02274120,
02274150,
02275000,
02275010,
02275020,
02275030,
02275040,
02275050,
02275060,
02275070,
02275080,
02275090,
02275100,
02275110,
02275120,
02275130,
02275140,
02275150,
02275160,
02275180,
02275190,
02275230,
02276000,
02276010,
02276020,
02276030,
02276040,
02276050,
02276060,
02276070,
02276080,
02276090,
02276100,
02276110,
02276130,
02276140,
02276150,
02276160,
02276210,
02277000,
02277010,
02277020,
02277030,
02277040,
02277050,
02277060,
02277070,
02277080,
02277090,
02277100,
02277110,
02277120,
02277130,
02277140,
02277150,
02277160,
02278000,
02278010,
02278020,
02278030,
02278040,
02278050,
02278060,
02278070,
02278080,
02278090,
02278100,
02279000,
02279010,
02279020,
02279030,
02279040,
02279050,
02279060,
02279070,
02279080,
02279110,
02279111,
02279120,
02279130,
02279140,
02279145,
02279150,
02280000,
02280010,
02280020,
02280040,
02280050,
02280060,
02280070,
02280080,
02280100,
02280105,
02280120,
02280130,
02280140,
02280150,
02280160,
02280180,
02280190,
02280210,
02280220,
02280230,
02280240,
02280250,
02280260,
02280270,
02280280,
02280290,
02280300,
02280310,
02280320,
02280325,
02280330,
02280335,
02280340,
02280345,
02280355,
02280360,
02280365,
02280370,
02280375,
02280380,
02280385,
02280390,
02280395,
02280400,
02281000,
02281010,
02281020,
02281030,
02281040,
02281050,
02281060,
02281070,
02281080,
02281090,
02281091,
02281093,
02281100,
02281110,
02281120,
02281130,
02281135,
02281140,
02281145,
02281150,
02281160,
02281170,
02281190,
02281200,
02281203,
02281204,
02281206,
02281207,
02281208,
02281209,
02281210,
02281212,
02281213,
02281214,
02281215,
02281216,
02281217,
02281218,
02281219,
02281220,
02281223,
02281224,
02281225,
02281226,
02281227,
02281228,
02281229,
02281230,
02281233,
02281234,
02281235,
02281236,
02281237,
02281238,
02281239,
02281240,
02281243,
02281244,
02281245,
02281246,
02281247,
02281248,
02281249,
02281250,
02281253,
02281254,
02281255,
02281257,
02281258,
02281259,
02281260,
02281263,
02281264,
02281265,
02281266,
02282000,
02282005,
02282010,
02282015,
02282016,
02282020,
02282030,
02282040,
02282045,
02282050,
02282055,
02282060,
02282065,
02282070,
02282080,
02283000,
02284000,
02285000,
02285010,
02285020,
02286000,
02286001,
02287210,
02287220,
02287230,
02287240,
02287250,
02287260,
02287270,
02287280,
02288000,
02288005,
02288010,
02288015,
02288020,
02288022,
02288025,
02288026,
02288027,
02288030,
02288035,
02288040,
02288045,
02288050,
02288055,
02288060,
02288065,
02288070,
02288075,
02288080,
02288088,
02289000,
02289010,
02289900,
02290000,
02290010,
02290020,
02290030,
02301000,
02301010,
02301020,
02301030,
02301040,
02301050,
02301060,
02301070,
02301075,
02301080,
02301090,
02301100,
02301110,
02301120,
02301130,
02301140,
02301150,
02301160,
02302000,
02302010,
02302020,
02302022,
02302030,
02302040,
02302050,
02302060,
02302070,
02302080,
02302100,
02302110,
02302120,
02303000,
02303010,
02303020,
02303030,
02303037,
02303040,
02303050,
02303060,
02303070,
02303080,
02303090,
02303100,
02303110,
02303120,
02303130,
02303131,
02303150,
02303160,
02304000,
02304001,
02304002,
02304005,
02305000,
02305001,
02305002,
02306000,
02306001,
02306002,
02306003,
02306004,
02306005,
02306020,
02306040,
02306050,
02306100,
02306110,
02306971,
02306999,
02307000,
02307010,
02307020,
02307030,
02307040,
02307050,
02307060,
02307063,
02307070,
02307090,
02307100,
02307110,
02307120,
02307140,
02307150,
02307155,
02307160,
02307165,
02307170,
02307180,
02307190,
02307200,
02307210,
02307220,
02307230,
02307250,
02307260,
02307290,
02307300,
02307320,
02307330,
02307972,
02308000,
02308001,
02308010,
02308030,
02308040,
02308050,
02308060,
02308070,
02308080,
02308090,
02308100,
02308110,
02308120,
02308130,
02308140,
02308145,
02308150,
02308170,
02308180,
02308190,
02308200,
02308201,
02308205,
02309000,
02309010,
02309020,
02309030,
02309040,
02309050,
02309060,
02309070,
02309075,
02309080,
02309090,
02309100,
02309110,
02309120,
02309130,
02309140,
02309160,
02309170,
02310000,
02310001,
02310002,
02310005,
02310010,
02310020,
02310025,
02310030,
02310035,
02310040,
02310043,
02310050,
02310060,
02310070,
02310080,
02310090,
02310100,
02310110,
02310120,
02310130,
02310140,
02310143,
02310150,
02310190,
02310200,
02310210,
02310220,
02310230,
02310970,
02310971,
02311000,
02311010,
02311015,
02311020,
02311030,
02311040,
02311050,
02311055,
02311060,
02311070,
02311080,
02311090,
02311100,
02311110,
02311115,
02311120,
02311130,
02311140,
02311150,
02311160,
02311170,
02311180,
02311190,
02311200,
02311210,
02311220,
02311230,
02311240,
02311250,
02311260,
02311270,
02311280,
02311290,
02311300,
02311310,
02311320,
02311330,
02312000,
02312010,
02312020,
02312030,
02312040,
02312050,
02312060,
02312070,
02312090,
02312100,
02312120,
02312130,
02312140,
02312150,
02312160,
02312170,
02312180,
02313000,
02313001,
02313010,
02313020,
02313030,
02313040,
02313050,
02313060,
02313070,
02313080,
02313100,
02313120,
02313130,
02313970,
02314000,
02314001,
02314010,
02314020,
02314030,
02314040,
02314050,
02314055,
02314060,
02314070,
02314080,
02314090,
02314100,
02314110,
02315000,
02315010,
02315020,
02315030,
02315040,
02315050,
02315060,
02315070,
02315080,
02315085,
02315090,
02315100,
02315110,
02315120,
02315130,
02315150,
02316000,
02316001,
02316020,
02316030,
02316040,
02316050,
02316060,
02316070,
02316080,
02316082,
02316090,
02316100,
02316110,
02316120,
02316130,
02316150,
02316160,
02316180,
02316190,
02316200,
02316210,
02316220,
02316230,
02316240,
02316250,
02316260,
02316270,
02316280,
02316290,
02317000,
02317010,
02317020,
02317030,
02317035,
02317040,
02317050,
02317060,
02317070,
02317080,
02317090,
02317100,
02317103,
02317110,
02317120,
02317130,
02317140,
02317150,
02317160,
02317170,
02317180,
02317185,
02317190,
02317200,
02317210,
02317220,
02317225,
02317230,
02317240,
02317250,
02317260,
02317265,
02317270,
02317290,
02318000,
02318010,
02318020,
02318030,
02318040,
02318050,
02318055,
02318060,
02318070,
02318080,
02318090,
02318095,
02318100,
02318110,
02318120,
02318130,
02318140,
02318150,
02318153,
02318155,
02318157,
02318158,
02318159,
02318160,
02318170,
02318180,
02318190,
02318200,
02318210,
02318215,
02318220,
02318230,
02318240,
02318250,
02318260,
02318265,
02318270,
02318280,
02318290,
02318300,
02318310,
02318320,
02318330,
02318350,
02318360,
02318370,
02318380,
02318390,
02318420,
02318430,
02318440,
02318450,
02318460,
02318470,
02319000,
02319005,
02319010,
02319020,
02319030,
02319040,
02319050,
02319060,
02319070,
02319090,
02319100,
02319110,
02319120,
02319130,
02319135,
02319138,
02319140,
02319150,
02319160,
02319170,
02319180,
02319190,
02320000,
02320010,
02320020,
02320030,
02320040,
02320050,
02320060,
02320070,
02320080,
02320090,
02320100,
02320110,
02320120,
02320130,
02320140,
02320150,
02320160,
02320165,
02320170,
02320180,
02320190,
02320200,
02320210,
02320220,
02320240,
02321020,
02321030,
02321050,
02321060,
02321070,
02321080,
02321090,
02321100,
02321110,
02321120,
02321130,
02321140,
02321150,
02321160,
02321170,
02321180,
02321200,
02321210,
02321220,
02321230,
02321250,
02321260,
02322000,
02322010,
02322015,
02322020,
02322030,
02322040,
02322050,
02322060,
02322070,
02322080,
02322090,
02322100,
02322110,
02322115,
02322120,
02322125,
02322129,
02322130,
02322140,
02322150,
02322160,
02322162,
02322170,
02322180,
02322190,
02322200,
02322210,
02322220,
02322230,
02322240,
02322250,
02322260,
02322270,
02322280,
02322285,
02322290,
02322310,
02322312,
02322320,
02323000,
02323030,
02323035,
02323040,
02323050,
02323070,
02323083,
02323090,
02323095,
02323100,
02323110,
02323115,
02323135,
02323150,
02323175,
02323180,
02323270,
02323280,
02323290,
02323300,
02323360,
02323365,
02323370,
02323380,
02323383,
02323390,
02323395,
02323400,
02323410,
02323415,
02323420,
02323430,
02323440,
02323450,
02323455,
02323460,
02323470,
02323730,
02324000,
02324005,
02324010,
02324011,
02324013,
02324015,
02324017,
02324019,
02324020,
02324025,
02324030,
02324040,
02324050,
02324060,
02324070,
02324080,
02324090,
02324100,
02324103,
02324120,
02324123,
02324125,
02324127,
02324131,
02324135,
02324137,
02324140,
02324143,
02324145,
02324147,
02324150,
02324160,
02324170,
02324175,
02324180,
02324190,
02324200,
02324210,
02324220,
02324230,
02324240,
02324250,
02324270,
02324280,
02324285,
02324287,
02325001,
02325010,
02325020,
02325030,
02325040,
02325045,
02325050,
02325060,
02325070,
02325080,
02325090,
02325100,
02325105,
02325110,
02325120,
02325130,
02325510,
02325514,
02325518,
02325520,
02325521,
02325522,
02325526,
02325528,
02325529,
02325530,
02325532,
02325535,
02325536,
02325538,
02325540,
02325550,
02325560,
02325570,
02325580,
02325590,
02325600,
02325610,
02325620,
02325630,
02325640,
02325641,
02325643,
02325645,
02325647,
02325650,
02325660,
02325661,
02325663,
02325665,
02325667,
02325670,
02325675,
02325680,
02325683,
02325690,
02325695,
02325700,
02325705,
02326000,
02326005,
02326010,
02326020,
02326030,
02326040,
02326050,
02326060,
02326070,
02326080,
02326090,
02326100,
02326105,
02326110,
02326115,
02326120,
02326130,
02326140,
02326142,
02326150,
02326152,
02326160,
02326165,
02326170,
02326180,
02326190,
02326200,
02326210,
02326220,
02326230,
02326232,
02326235,
02326372,
02326385,
02327010,
02327015,
02327020,
02327030,
02327040,
02327050,
02327060,
02327070,
02327080,
02327090,
02327100,
02327120,
02327125,
02327130,
02327135,
02327140,
02327160,
02327180,
02327190,
02327200,
02328001,
02328002,
02328005,
02328010,
02328020,
02328022,
02328024,
02328025,
02328027,
02328029,
02328030,
02328040,
02328042,
02328050,
02328060,
02328065,
02328090,
02328130,
02328140,
02328142,
02328150,
02328160,
02328161,
02328162,
02328165,
02328167,
02328170,
02329000,
02329010,
02329020,
02329030,
02329040,
02329045,
02329050,
02329060,
02329070,
02329090,
02329095,
02329100,
02329110,
02329120,
02329130,
02329140,
02329150,
02329155,
02329160,
02329170,
02329180,
02329190,
02329200,
02329210,
02330000,
02330001,
02330002,
02330003,
02330970,
02331000,
02331001,
02331002,
02331003,
02331010,
02331012,
02332000,
02332001,
02332010,
02332020,
02332030,
02332040,
02332050,
02332060,
02332970,
02333000,
02333001,
02333005,
02333010,
02333020,
02333030,
02333040,
02333050,
02333900,
02334000,
02334001,
02334010,
02334020,
02334030,
02334050,
02334060,
02334070,
02334080,
02334090,
02334091,
02334100,
02334110,
02334120,
02334130,
02335000,
02335001,
02335010,
02335011,
02335020,
02335030,
02335040,
02335050,
02335060,
02335070,
02335080,
02335090,
02336000,
02336010,
02336020,
02336030,
02336040,
02336050,
02336060,
02336070,
02336080,
02336090,
02336100,
02336110,
02337000,
02337010,
02337020,
02337030,
02337040,
02337045,
02337050,
02337060,
02337070,
02337080,
02337090,
02337110,
02337112,
02338000,
02338010,
02338020,
02338030,
02338040,
02338050,
02338060,
02338070,
02338080,
02338090,
02338100,
02338110,
02338120,
02339000,
02339010,
02339020,
02339030,
02339040,
02339050,
02339060,
02339070,
02339080,
02339090,
02339100,
02340000,
02340001,
02340002,
02340010,
02340020,
02340040,
02340045,
02340050,
02340060,
02340090,
02340100,
02340105,
02340110,
02340115,
02340120,
02340125,
02340130,
02340135,
02340140,
02340145,
02341000,
02341001,
02341002,
02341010,
02341020,
02342000,
02342005,
02342010,
02342020,
02342030,
02342040,
02342050,
02342060,
02342070,
02342080,
02342090,
02342110,
02342120,
02342130,
02342140,